,node_ids,timestamps,node_type_id
0,200.0,113.60000000009569,OLM in SO layer
1,250.0,113.7000000000957,OLM in SO layer
2,300.0,114.10000000009565,OLM in SO layer
3,350.0,113.90000000009569,OLM in SO layer
4,400.0,113.8000000000957,OLM in SO layer
5,450.0,114.0000000000957,OLM in SO layer
6,500.0,114.20000000009566,OLM in SO layer
7,550.0,114.0000000000957,OLM in SO layer
8,600.0,113.90000000009569,OLM in SO layer
9,650.0,113.8000000000957,OLM in SO layer
10,650.0,263.3000000001256,OLM in SO layer
11,700.0,113.50000000009571,OLM in SO layer
12,750.0,113.60000000009569,OLM in SO layer
13,800.0,113.8000000000957,OLM in SO layer
14,1050.0,111.20000000009584,Pyr in SP layer
15,1100.0,112.10000000009579,Pyr in SP layer
16,2950.0,113.40000000009572,Pyr in SP layer
17,3900.0,111.70000000009581,Pyr in SP layer
18,8950.0,112.20000000009577,Pyr in SP layer
19,10000.0,112.10000000009579,Pyr in SP layer
20,10850.0,112.30000000009576,Pyr in SP layer
21,13350.0,112.50000000009577,Pyr in SP layer
22,19450.0,117.90000000009545,PV in SP layer
23,19500.0,116.30000000009554,PV in SP layer
24,19500.0,124.90000000009505,PV in SP layer
25,19750.0,117.90000000009545,PV in SP layer
26,19950.0,117.20000000009549,PV in SR layer
27,201.0,113.8000000000957,OLM in SO layer
28,251.0,113.8000000000957,OLM in SO layer
29,251.0,278.1000000001289,OLM in SO layer
30,301.0,113.7000000000957,OLM in SO layer
31,351.0,113.7000000000957,OLM in SO layer
32,401.0,113.7000000000957,OLM in SO layer
33,451.0,113.8000000000957,OLM in SO layer
34,501.0,113.8000000000957,OLM in SO layer
35,551.0,113.90000000009569,OLM in SO layer
36,601.0,113.90000000009569,OLM in SO layer
37,601.0,266.7000000001264,OLM in SO layer
38,601.0,275.20000000012834,OLM in SO layer
39,601.0,295.70000000013295,OLM in SO layer
40,651.0,113.50000000009571,OLM in SO layer
41,701.0,113.7000000000957,OLM in SO layer
42,751.0,113.60000000009569,OLM in SO layer
43,801.0,113.50000000009571,OLM in SO layer
44,1951.0,112.80000000009574,Pyr in SP layer
45,3001.0,113.8000000000957,Pyr in SP layer
46,5951.0,113.1000000000957,Pyr in SP layer
47,7201.0,112.10000000009579,Pyr in SP layer
48,15101.0,112.30000000009576,Pyr in SP layer
49,16901.0,113.60000000009569,Pyr in SP layer
50,17501.0,112.70000000009573,Pyr in SP layer
51,19601.0,118.9000000000954,PV in SP layer
52,19801.0,117.40000000009549,PV in SP layer
53,19951.0,115.60000000009558,PV in SR layer
54,202.0,113.8000000000957,OLM in SO layer
55,252.0,113.50000000009571,OLM in SO layer
56,302.0,113.8000000000957,OLM in SO layer
57,302.0,269.30000000012694,OLM in SO layer
58,352.0,113.8000000000957,OLM in SO layer
59,402.0,113.7000000000957,OLM in SO layer
60,452.0,113.7000000000957,OLM in SO layer
61,502.0,113.8000000000957,OLM in SO layer
62,552.0,113.8000000000957,OLM in SO layer
63,602.0,113.7000000000957,OLM in SO layer
64,652.0,113.40000000009572,OLM in SO layer
65,652.0,276.70000000012857,OLM in SO layer
66,652.0,287.9000000001312,OLM in SO layer
67,702.0,113.40000000009572,OLM in SO layer
68,752.0,113.90000000009569,OLM in SO layer
69,802.0,114.20000000009566,OLM in SO layer
70,802.0,265.100000000126,OLM in SO layer
71,952.0,117.80000000009544,PV in SO layer
72,3352.0,113.20000000009571,Pyr in SP layer
73,3402.0,113.90000000009569,Pyr in SP layer
74,7502.0,112.90000000009572,Pyr in SP layer
75,9452.0,113.50000000009571,Pyr in SP layer
76,18852.0,116.70000000009551,AAC in SP layer
77,19402.0,116.20000000009554,PV in SP layer
78,19452.0,117.10000000009548,PV in SP layer
79,19702.0,119.40000000009536,PV in SP layer
80,19902.0,116.50000000009553,PV in SP layer
81,203.0,113.7000000000957,OLM in SO layer
82,203.0,265.90000000012617,OLM in SO layer
83,253.0,113.90000000009569,OLM in SO layer
84,303.0,113.90000000009569,OLM in SO layer
85,353.0,113.60000000009569,OLM in SO layer
86,403.0,113.90000000009569,OLM in SO layer
87,453.0,113.90000000009569,OLM in SO layer
88,503.0,113.8000000000957,OLM in SO layer
89,553.0,113.90000000009569,OLM in SO layer
90,553.0,254.0000000001235,OLM in SO layer
91,553.0,263.4000000001256,OLM in SO layer
92,603.0,113.8000000000957,OLM in SO layer
93,653.0,113.8000000000957,OLM in SO layer
94,703.0,113.8000000000957,OLM in SO layer
95,703.0,263.6000000001256,OLM in SO layer
96,703.0,276.40000000012856,OLM in SO layer
97,753.0,114.0000000000957,OLM in SO layer
98,803.0,113.60000000009569,OLM in SO layer
99,803.0,271.60000000012747,OLM in SO layer
100,953.0,118.50000000009541,PV in SO layer
101,1403.0,113.8000000000957,Pyr in SP layer
102,1803.0,114.30000000009564,Pyr in SP layer
103,1803.0,114.50000000009564,Pyr in SP layer
104,2153.0,113.30000000009571,Pyr in SP layer
105,3003.0,113.20000000009571,Pyr in SP layer
106,3653.0,112.80000000009574,Pyr in SP layer
107,4103.0,111.9000000000958,Pyr in SP layer
108,7153.0,112.70000000009573,Pyr in SP layer
109,11253.0,113.40000000009572,Pyr in SP layer
110,13053.0,113.00000000009571,Pyr in SP layer
111,14353.0,113.1000000000957,Pyr in SP layer
112,19503.0,115.70000000009556,PV in SP layer
113,19703.0,116.50000000009553,PV in SP layer
114,19853.0,117.10000000009548,PV in SP layer
115,204.0,113.7000000000957,OLM in SO layer
116,254.0,113.50000000009571,OLM in SO layer
117,254.0,272.80000000012774,OLM in SO layer
118,304.0,113.8000000000957,OLM in SO layer
119,354.0,113.7000000000957,OLM in SO layer
120,404.0,114.20000000009566,OLM in SO layer
121,454.0,113.30000000009571,OLM in SO layer
122,504.0,113.90000000009569,OLM in SO layer
123,554.0,113.40000000009572,OLM in SO layer
124,554.0,278.20000000012897,OLM in SO layer
125,554.0,289.9000000001316,OLM in SO layer
126,604.0,113.90000000009569,OLM in SO layer
127,654.0,113.8000000000957,OLM in SO layer
128,704.0,113.40000000009572,OLM in SO layer
129,754.0,113.8000000000957,OLM in SO layer
130,804.0,113.7000000000957,OLM in SO layer
131,854.0,119.00000000009537,PV in SO layer
132,5954.0,111.70000000009581,Pyr in SP layer
133,7154.0,114.10000000009565,Pyr in SP layer
134,16804.0,113.1000000000957,Pyr in SP layer
135,17204.0,112.90000000009572,Pyr in SP layer
136,19304.0,115.2000000000956,PV in SP layer
137,19304.0,121.30000000009524,PV in SP layer
138,19854.0,118.10000000009545,PV in SP layer
139,205.0,113.90000000009569,OLM in SO layer
140,255.0,114.0000000000957,OLM in SO layer
141,255.0,258.6000000001245,OLM in SO layer
142,255.0,271.7000000001275,OLM in SO layer
143,305.0,114.30000000009564,OLM in SO layer
144,305.0,263.8000000001257,OLM in SO layer
145,355.0,113.60000000009569,OLM in SO layer
146,405.0,113.7000000000957,OLM in SO layer
147,455.0,113.8000000000957,OLM in SO layer
148,505.0,113.90000000009569,OLM in SO layer
149,555.0,114.0000000000957,OLM in SO layer
150,605.0,113.90000000009569,OLM in SO layer
151,605.0,276.80000000012865,OLM in SO layer
152,655.0,113.40000000009572,OLM in SO layer
153,705.0,113.8000000000957,OLM in SO layer
154,755.0,113.30000000009571,OLM in SO layer
155,805.0,113.90000000009569,OLM in SO layer
156,905.0,117.80000000009544,PV in SO layer
157,955.0,118.10000000009545,PV in SO layer
158,2555.0,113.60000000009569,Pyr in SP layer
159,3205.0,112.30000000009576,Pyr in SP layer
160,3455.0,113.20000000009571,Pyr in SP layer
161,3905.0,111.9000000000958,Pyr in SP layer
162,5655.0,112.50000000009577,Pyr in SP layer
163,6105.0,114.10000000009565,Pyr in SP layer
164,7355.0,113.1000000000957,Pyr in SP layer
165,9105.0,113.60000000009569,Pyr in SP layer
166,15155.0,112.80000000009574,Pyr in SP layer
167,17755.0,111.8000000000958,Pyr in SP layer
168,18905.0,105.80000000009613,AAC in SP layer
169,19455.0,117.60000000009545,PV in SP layer
170,156.0,113.40000000009572,OLM in SO layer
171,206.0,113.60000000009569,OLM in SO layer
172,256.0,113.50000000009571,OLM in SO layer
173,306.0,113.50000000009571,OLM in SO layer
174,356.0,113.40000000009572,OLM in SO layer
175,406.0,113.7000000000957,OLM in SO layer
176,456.0,113.8000000000957,OLM in SO layer
177,506.0,114.10000000009565,OLM in SO layer
178,556.0,113.60000000009569,OLM in SO layer
179,606.0,113.7000000000957,OLM in SO layer
180,656.0,113.30000000009571,OLM in SO layer
181,706.0,113.60000000009569,OLM in SO layer
182,706.0,265.200000000126,OLM in SO layer
183,706.0,276.80000000012865,OLM in SO layer
184,756.0,113.7000000000957,OLM in SO layer
185,806.0,113.7000000000957,OLM in SO layer
186,1856.0,114.30000000009564,Pyr in SP layer
187,1856.0,114.50000000009564,Pyr in SP layer
188,4006.0,112.60000000009576,Pyr in SP layer
189,5056.0,112.30000000009576,Pyr in SP layer
190,8956.0,114.0000000000957,Pyr in SP layer
191,9406.0,113.30000000009571,Pyr in SP layer
192,9806.0,112.00000000009578,Pyr in SP layer
193,11256.0,114.30000000009564,Pyr in SP layer
194,11756.0,111.9000000000958,Pyr in SP layer
195,12706.0,112.00000000009578,Pyr in SP layer
196,19456.0,116.00000000009555,PV in SP layer
197,157.0,113.8000000000957,OLM in SO layer
198,207.0,113.50000000009571,OLM in SO layer
199,257.0,113.8000000000957,OLM in SO layer
200,307.0,113.7000000000957,OLM in SO layer
201,357.0,245.10000000012147,OLM in SO layer
202,407.0,113.90000000009569,OLM in SO layer
203,407.0,249.40000000012245,OLM in SO layer
204,457.0,113.30000000009571,OLM in SO layer
205,507.0,113.50000000009571,OLM in SO layer
206,557.0,113.8000000000957,OLM in SO layer
207,607.0,114.0000000000957,OLM in SO layer
208,657.0,113.60000000009569,OLM in SO layer
209,657.0,266.7000000001264,OLM in SO layer
210,707.0,113.90000000009569,OLM in SO layer
211,757.0,113.90000000009569,OLM in SO layer
212,807.0,113.8000000000957,OLM in SO layer
213,807.0,276.6000000001286,OLM in SO layer
214,1907.0,113.60000000009569,Pyr in SP layer
215,2957.0,112.90000000009572,Pyr in SP layer
216,3007.0,111.4000000000958,Pyr in SP layer
217,5857.0,113.20000000009571,Pyr in SP layer
218,8157.0,112.90000000009572,Pyr in SP layer
219,12857.0,114.0000000000957,Pyr in SP layer
220,14357.0,113.20000000009571,Pyr in SP layer
221,15107.0,113.20000000009571,Pyr in SP layer
222,15207.0,113.00000000009571,Pyr in SP layer
223,17157.0,112.70000000009573,Pyr in SP layer
224,19407.0,116.60000000009552,PV in SP layer
225,19657.0,117.10000000009548,PV in SP layer
226,158.0,113.7000000000957,OLM in SO layer
227,208.0,113.60000000009569,OLM in SO layer
228,258.0,113.8000000000957,OLM in SO layer
229,308.0,114.10000000009565,OLM in SO layer
230,308.0,264.2000000001258,OLM in SO layer
231,358.0,113.8000000000957,OLM in SO layer
232,408.0,113.8000000000957,OLM in SO layer
233,458.0,113.8000000000957,OLM in SO layer
234,508.0,113.60000000009569,OLM in SO layer
235,558.0,113.50000000009571,OLM in SO layer
236,608.0,113.8000000000957,OLM in SO layer
237,658.0,113.90000000009569,OLM in SO layer
238,708.0,113.60000000009569,OLM in SO layer
239,758.0,113.8000000000957,OLM in SO layer
240,808.0,114.20000000009566,OLM in SO layer
241,1008.0,114.90000000009563,PV in SO layer
242,1008.0,119.30000000009537,PV in SO layer
243,1008.0,125.10000000009504,PV in SO layer
244,1008.0,133.90000000009618,PV in SO layer
245,3208.0,112.40000000009577,Pyr in SP layer
246,5808.0,113.30000000009571,Pyr in SP layer
247,7358.0,112.50000000009577,Pyr in SP layer
248,11608.0,112.00000000009578,Pyr in SP layer
249,11658.0,112.20000000009577,Pyr in SP layer
250,12058.0,113.90000000009569,Pyr in SP layer
251,12308.0,114.10000000009565,Pyr in SP layer
252,18958.0,105.80000000009613,AAC in SP layer
253,19358.0,117.50000000009548,PV in SP layer
254,19458.0,118.00000000009544,PV in SP layer
255,19808.0,117.70000000009544,PV in SP layer
256,159.0,113.60000000009569,OLM in SO layer
257,159.0,278.20000000012897,OLM in SO layer
258,209.0,113.8000000000957,OLM in SO layer
259,259.0,113.50000000009571,OLM in SO layer
260,309.0,113.90000000009569,OLM in SO layer
261,359.0,114.0000000000957,OLM in SO layer
262,359.0,258.9000000001246,OLM in SO layer
263,409.0,113.90000000009569,OLM in SO layer
264,459.0,113.8000000000957,OLM in SO layer
265,509.0,113.90000000009569,OLM in SO layer
266,559.0,113.40000000009572,OLM in SO layer
267,609.0,113.50000000009571,OLM in SO layer
268,659.0,113.8000000000957,OLM in SO layer
269,709.0,113.90000000009569,OLM in SO layer
270,759.0,113.8000000000957,OLM in SO layer
271,809.0,113.40000000009572,OLM in SO layer
272,2159.0,112.00000000009578,Pyr in SP layer
273,8859.0,113.60000000009569,Pyr in SP layer
274,9059.0,112.00000000009578,Pyr in SP layer
275,9409.0,112.90000000009572,Pyr in SP layer
276,9909.0,114.10000000009565,Pyr in SP layer
277,11409.0,114.10000000009565,Pyr in SP layer
278,12709.0,112.40000000009577,Pyr in SP layer
279,14359.0,112.10000000009579,Pyr in SP layer
280,16809.0,112.70000000009573,Pyr in SP layer
281,17959.0,114.20000000009566,Pyr in SP layer
282,19359.0,115.2000000000956,PV in SP layer
283,19359.0,124.90000000009505,PV in SP layer
284,19509.0,117.40000000009549,PV in SP layer
285,160.0,113.8000000000957,OLM in SO layer
286,210.0,114.0000000000957,OLM in SO layer
287,260.0,113.8000000000957,OLM in SO layer
288,310.0,113.90000000009569,OLM in SO layer
289,360.0,113.8000000000957,OLM in SO layer
290,410.0,114.0000000000957,OLM in SO layer
291,460.0,114.0000000000957,OLM in SO layer
292,510.0,113.90000000009569,OLM in SO layer
293,560.0,113.8000000000957,OLM in SO layer
294,610.0,113.8000000000957,OLM in SO layer
295,660.0,114.10000000009565,OLM in SO layer
296,710.0,113.90000000009569,OLM in SO layer
297,760.0,113.90000000009569,OLM in SO layer
298,810.0,113.7000000000957,OLM in SO layer
299,1660.0,113.40000000009572,Pyr in SP layer
300,10560.0,113.40000000009572,Pyr in SP layer
301,13710.0,111.8000000000958,Pyr in SP layer
302,15860.0,114.10000000009565,Pyr in SP layer
303,16860.0,113.8000000000957,Pyr in SP layer
304,19110.0,115.80000000009557,AAC in SP layer
305,19460.0,118.10000000009545,PV in SP layer
306,19510.0,118.30000000009542,PV in SP layer
307,161.0,113.40000000009572,OLM in SO layer
308,211.0,113.50000000009571,OLM in SO layer
309,261.0,113.60000000009569,OLM in SO layer
310,311.0,113.8000000000957,OLM in SO layer
311,311.0,270.1000000001271,OLM in SO layer
312,311.0,281.60000000012974,OLM in SO layer
313,361.0,113.60000000009569,OLM in SO layer
314,411.0,113.8000000000957,OLM in SO layer
315,461.0,113.8000000000957,OLM in SO layer
316,511.0,113.50000000009571,OLM in SO layer
317,511.0,286.1000000001308,OLM in SO layer
318,511.0,304.50000000013495,OLM in SO layer
319,561.0,113.90000000009569,OLM in SO layer
320,561.0,272.90000000012776,OLM in SO layer
321,561.0,281.9000000001298,OLM in SO layer
322,561.0,305.7000000001352,OLM in SO layer
323,611.0,113.50000000009571,OLM in SO layer
324,661.0,113.7000000000957,OLM in SO layer
325,711.0,113.90000000009569,OLM in SO layer
326,761.0,113.7000000000957,OLM in SO layer
327,811.0,114.20000000009566,OLM in SO layer
328,2761.0,111.9000000000958,Pyr in SP layer
329,7961.0,112.80000000009574,Pyr in SP layer
330,10311.0,113.20000000009571,Pyr in SP layer
331,11361.0,113.50000000009571,Pyr in SP layer
332,162.0,113.40000000009572,OLM in SO layer
333,212.0,113.7000000000957,OLM in SO layer
334,262.0,113.90000000009569,OLM in SO layer
335,312.0,113.8000000000957,OLM in SO layer
336,362.0,113.7000000000957,OLM in SO layer
337,412.0,113.30000000009571,OLM in SO layer
338,462.0,113.40000000009572,OLM in SO layer
339,512.0,113.90000000009569,OLM in SO layer
340,512.0,283.80000000013024,OLM in SO layer
341,562.0,114.20000000009566,OLM in SO layer
342,612.0,113.90000000009569,OLM in SO layer
343,612.0,274.5000000001281,OLM in SO layer
344,612.0,283.3000000001301,OLM in SO layer
345,662.0,113.8000000000957,OLM in SO layer
346,712.0,113.90000000009569,OLM in SO layer
347,762.0,113.8000000000957,OLM in SO layer
348,812.0,113.50000000009571,OLM in SO layer
349,1012.0,115.3000000000956,PV in SO layer
350,1012.0,120.00000000009531,PV in SO layer
351,1012.0,126.20000000009495,PV in SO layer
352,1012.0,135.60000000009657,PV in SO layer
353,1312.0,111.8000000000958,Pyr in SP layer
354,3212.0,114.20000000009566,Pyr in SP layer
355,3212.0,114.50000000009564,Pyr in SP layer
356,5412.0,112.20000000009577,Pyr in SP layer
357,9512.0,112.20000000009577,Pyr in SP layer
358,10562.0,112.30000000009576,Pyr in SP layer
359,10612.0,113.90000000009569,Pyr in SP layer
360,11312.0,112.00000000009578,Pyr in SP layer
361,15462.0,113.90000000009569,Pyr in SP layer
362,16412.0,111.70000000009581,Pyr in SP layer
363,16912.0,112.20000000009577,Pyr in SP layer
364,17962.0,113.1000000000957,Pyr in SP layer
365,19562.0,117.0000000000955,PV in SP layer
366,163.0,113.90000000009569,OLM in SO layer
367,213.0,113.8000000000957,OLM in SO layer
368,263.0,113.90000000009569,OLM in SO layer
369,263.0,256.200000000124,OLM in SO layer
370,263.0,268.90000000012685,OLM in SO layer
371,313.0,113.40000000009572,OLM in SO layer
372,363.0,113.50000000009571,OLM in SO layer
373,413.0,113.60000000009569,OLM in SO layer
374,463.0,113.90000000009569,OLM in SO layer
375,513.0,113.40000000009572,OLM in SO layer
376,563.0,113.60000000009569,OLM in SO layer
377,613.0,113.50000000009571,OLM in SO layer
378,663.0,113.40000000009572,OLM in SO layer
379,713.0,113.30000000009571,OLM in SO layer
380,713.0,284.5000000001304,OLM in SO layer
381,763.0,113.7000000000957,OLM in SO layer
382,813.0,113.8000000000957,OLM in SO layer
383,913.0,118.10000000009545,PV in SO layer
384,1413.0,113.60000000009569,Pyr in SP layer
385,1813.0,113.1000000000957,Pyr in SP layer
386,2113.0,114.30000000009564,Pyr in SP layer
387,3063.0,113.1000000000957,Pyr in SP layer
388,3913.0,113.20000000009571,Pyr in SP layer
389,6913.0,115.0000000000956,Pyr in SP layer
390,7813.0,111.9000000000958,Pyr in SP layer
391,10163.0,112.80000000009574,Pyr in SP layer
392,10663.0,111.9000000000958,Pyr in SP layer
393,12313.0,113.60000000009569,Pyr in SP layer
394,12463.0,112.70000000009573,Pyr in SP layer
395,19313.0,117.90000000009545,PV in SP layer
396,19663.0,118.6000000000954,PV in SP layer
397,19763.0,118.7000000000954,PV in SP layer
398,19863.0,118.20000000009544,PV in SP layer
399,164.0,113.7000000000957,OLM in SO layer
400,214.0,113.8000000000957,OLM in SO layer
401,264.0,113.90000000009569,OLM in SO layer
402,314.0,113.50000000009571,OLM in SO layer
403,364.0,113.50000000009571,OLM in SO layer
404,414.0,114.50000000009564,OLM in SO layer
405,414.0,253.10000000012332,OLM in SO layer
406,414.0,262.5000000001254,OLM in SO layer
407,464.0,113.90000000009569,OLM in SO layer
408,514.0,113.40000000009572,OLM in SO layer
409,564.0,113.90000000009569,OLM in SO layer
410,614.0,113.60000000009569,OLM in SO layer
411,664.0,113.90000000009569,OLM in SO layer
412,714.0,113.50000000009571,OLM in SO layer
413,764.0,113.8000000000957,OLM in SO layer
414,814.0,113.90000000009569,OLM in SO layer
415,814.0,249.0000000001224,OLM in SO layer
416,814.0,259.80000000012484,OLM in SO layer
417,964.0,119.50000000009537,PV in SO layer
418,5964.0,113.90000000009569,Pyr in SP layer
419,6414.0,112.30000000009576,Pyr in SP layer
420,6814.0,113.50000000009571,Pyr in SP layer
421,11814.0,112.90000000009572,Pyr in SP layer
422,16414.0,112.00000000009578,Pyr in SP layer
423,17064.0,113.40000000009572,Pyr in SP layer
424,17114.0,112.20000000009577,Pyr in SP layer
425,19414.0,117.90000000009545,PV in SP layer
426,19464.0,119.50000000009537,PV in SP layer
427,19814.0,116.20000000009554,PV in SP layer
428,165.0,114.0000000000957,OLM in SO layer
429,215.0,113.8000000000957,OLM in SO layer
430,265.0,113.7000000000957,OLM in SO layer
431,315.0,113.50000000009571,OLM in SO layer
432,365.0,113.90000000009569,OLM in SO layer
433,415.0,113.7000000000957,OLM in SO layer
434,465.0,114.30000000009564,OLM in SO layer
435,465.0,251.30000000012288,OLM in SO layer
436,515.0,113.7000000000957,OLM in SO layer
437,565.0,113.50000000009571,OLM in SO layer
438,615.0,113.8000000000957,OLM in SO layer
439,665.0,114.0000000000957,OLM in SO layer
440,715.0,113.50000000009571,OLM in SO layer
441,765.0,113.60000000009569,OLM in SO layer
442,815.0,113.8000000000957,OLM in SO layer
443,865.0,116.80000000009552,PV in SO layer
444,4165.0,112.00000000009578,Pyr in SP layer
445,4965.0,112.10000000009579,Pyr in SP layer
446,6265.0,113.30000000009571,Pyr in SP layer
447,14765.0,113.40000000009572,Pyr in SP layer
448,18265.0,112.20000000009577,Pyr in SP layer
449,19315.0,118.6000000000954,PV in SP layer
450,19565.0,116.40000000009552,PV in SP layer
451,19715.0,117.80000000009544,PV in SP layer
452,19965.0,115.4000000000956,PV in SR layer
453,166.0,113.50000000009571,OLM in SO layer
454,216.0,113.60000000009569,OLM in SO layer
455,266.0,113.90000000009569,OLM in SO layer
456,316.0,113.50000000009571,OLM in SO layer
457,366.0,113.40000000009572,OLM in SO layer
458,416.0,113.90000000009569,OLM in SO layer
459,466.0,113.8000000000957,OLM in SO layer
460,516.0,113.60000000009569,OLM in SO layer
461,566.0,113.50000000009571,OLM in SO layer
462,616.0,113.90000000009569,OLM in SO layer
463,666.0,113.50000000009571,OLM in SO layer
464,716.0,114.10000000009565,OLM in SO layer
465,766.0,113.8000000000957,OLM in SO layer
466,766.0,275.10000000012826,OLM in SO layer
467,816.0,113.50000000009571,OLM in SO layer
468,2366.0,114.0000000000957,Pyr in SP layer
469,3316.0,112.20000000009577,Pyr in SP layer
470,16816.0,113.30000000009571,Pyr in SP layer
471,19416.0,116.20000000009554,PV in SP layer
472,19766.0,117.70000000009544,PV in SP layer
473,19866.0,117.90000000009545,PV in SP layer
474,19966.0,117.40000000009549,PV in SR layer
475,167.0,113.8000000000957,OLM in SO layer
476,217.0,113.40000000009572,OLM in SO layer
477,217.0,247.10000000012192,OLM in SO layer
478,217.0,255.9000000001239,OLM in SO layer
479,217.0,278.90000000012907,OLM in SO layer
480,267.0,113.50000000009571,OLM in SO layer
481,317.0,113.7000000000957,OLM in SO layer
482,367.0,113.90000000009569,OLM in SO layer
483,417.0,113.8000000000957,OLM in SO layer
484,467.0,113.8000000000957,OLM in SO layer
485,517.0,113.7000000000957,OLM in SO layer
486,567.0,113.8000000000957,OLM in SO layer
487,617.0,113.90000000009569,OLM in SO layer
488,617.0,253.30000000012333,OLM in SO layer
489,617.0,273.40000000012793,OLM in SO layer
490,667.0,113.7000000000957,OLM in SO layer
491,717.0,114.0000000000957,OLM in SO layer
492,767.0,113.50000000009571,OLM in SO layer
493,817.0,113.7000000000957,OLM in SO layer
494,1567.0,112.90000000009572,Pyr in SP layer
495,4167.0,111.9000000000958,Pyr in SP layer
496,4417.0,112.40000000009577,Pyr in SP layer
497,6517.0,112.30000000009576,Pyr in SP layer
498,6817.0,112.90000000009572,Pyr in SP layer
499,9217.0,112.80000000009574,Pyr in SP layer
500,12567.0,112.80000000009574,Pyr in SP layer
501,13467.0,111.9000000000958,Pyr in SP layer
502,14567.0,112.10000000009579,Pyr in SP layer
503,14917.0,114.0000000000957,Pyr in SP layer
504,19317.0,117.0000000000955,PV in SP layer
505,19367.0,119.10000000009536,PV in SP layer
506,168.0,113.8000000000957,OLM in SO layer
507,218.0,113.90000000009569,OLM in SO layer
508,268.0,113.90000000009569,OLM in SO layer
509,318.0,113.7000000000957,OLM in SO layer
510,368.0,113.90000000009569,OLM in SO layer
511,418.0,113.8000000000957,OLM in SO layer
512,468.0,114.0000000000957,OLM in SO layer
513,468.0,271.1000000001273,OLM in SO layer
514,518.0,113.7000000000957,OLM in SO layer
515,518.0,272.0000000001276,OLM in SO layer
516,518.0,280.9000000001296,OLM in SO layer
517,568.0,113.60000000009569,OLM in SO layer
518,618.0,113.40000000009572,OLM in SO layer
519,668.0,114.0000000000957,OLM in SO layer
520,718.0,113.40000000009572,OLM in SO layer
521,718.0,269.500000000127,OLM in SO layer
522,718.0,278.0000000001289,OLM in SO layer
523,768.0,113.40000000009572,OLM in SO layer
524,818.0,113.60000000009569,OLM in SO layer
525,818.0,287.0000000001309,OLM in SO layer
526,6368.0,112.90000000009572,Pyr in SP layer
527,7318.0,112.90000000009572,Pyr in SP layer
528,10918.0,114.20000000009566,Pyr in SP layer
529,12368.0,113.30000000009571,Pyr in SP layer
530,14418.0,113.30000000009571,Pyr in SP layer
531,16868.0,113.60000000009569,Pyr in SP layer
532,19668.0,117.0000000000955,PV in SP layer
533,19768.0,117.40000000009549,PV in SP layer
534,169.0,113.7000000000957,OLM in SO layer
535,219.0,113.50000000009571,OLM in SO layer
536,269.0,113.90000000009569,OLM in SO layer
537,319.0,113.40000000009572,OLM in SO layer
538,369.0,113.40000000009572,OLM in SO layer
539,419.0,113.90000000009569,OLM in SO layer
540,469.0,113.90000000009569,OLM in SO layer
541,519.0,113.90000000009569,OLM in SO layer
542,569.0,113.8000000000957,OLM in SO layer
543,619.0,113.7000000000957,OLM in SO layer
544,669.0,113.8000000000957,OLM in SO layer
545,719.0,113.8000000000957,OLM in SO layer
546,769.0,113.40000000009572,OLM in SO layer
547,2319.0,114.90000000009563,Pyr in SP layer
548,3919.0,113.00000000009571,Pyr in SP layer
549,9969.0,113.50000000009571,Pyr in SP layer
550,11069.0,113.60000000009569,Pyr in SP layer
551,17769.0,112.10000000009579,Pyr in SP layer
552,18769.0,113.50000000009571,Pyr in SP layer
553,19519.0,118.10000000009545,PV in SP layer
554,19569.0,117.50000000009548,PV in SP layer
555,170.0,113.7000000000957,OLM in SO layer
556,220.0,113.8000000000957,OLM in SO layer
557,270.0,113.7000000000957,OLM in SO layer
558,320.0,113.8000000000957,OLM in SO layer
559,370.0,113.50000000009571,OLM in SO layer
560,420.0,113.50000000009571,OLM in SO layer
561,470.0,113.30000000009571,OLM in SO layer
562,520.0,114.10000000009565,OLM in SO layer
563,520.0,268.6000000001268,OLM in SO layer
564,570.0,114.0000000000957,OLM in SO layer
565,620.0,113.40000000009572,OLM in SO layer
566,670.0,113.60000000009569,OLM in SO layer
567,720.0,113.50000000009571,OLM in SO layer
568,770.0,113.8000000000957,OLM in SO layer
569,1020.0,116.80000000009552,PV in SO layer
570,3170.0,113.90000000009569,Pyr in SP layer
571,12070.0,114.0000000000957,Pyr in SP layer
572,171.0,113.90000000009569,OLM in SO layer
573,171.0,256.200000000124,OLM in SO layer
574,171.0,265.200000000126,OLM in SO layer
575,221.0,113.8000000000957,OLM in SO layer
576,221.0,258.1000000001244,OLM in SO layer
577,221.0,266.6000000001264,OLM in SO layer
578,271.0,113.60000000009569,OLM in SO layer
579,321.0,113.60000000009569,OLM in SO layer
580,321.0,261.90000000012526,OLM in SO layer
581,371.0,113.8000000000957,OLM in SO layer
582,421.0,113.60000000009569,OLM in SO layer
583,471.0,113.8000000000957,OLM in SO layer
584,471.0,261.1000000001251,OLM in SO layer
585,521.0,113.7000000000957,OLM in SO layer
586,571.0,114.10000000009565,OLM in SO layer
587,621.0,113.90000000009569,OLM in SO layer
588,671.0,113.8000000000957,OLM in SO layer
589,721.0,113.90000000009569,OLM in SO layer
590,721.0,271.9000000001276,OLM in SO layer
591,721.0,281.60000000012974,OLM in SO layer
592,721.0,313.500000000137,OLM in SO layer
593,771.0,113.7000000000957,OLM in SO layer
594,871.0,115.3000000000956,PV in SO layer
595,871.0,127.10000000009492,PV in SO layer
596,921.0,117.0000000000955,PV in SO layer
597,971.0,117.30000000009548,PV in SO layer
598,3671.0,112.60000000009576,Pyr in SP layer
599,4471.0,114.20000000009566,Pyr in SP layer
600,6921.0,111.9000000000958,Pyr in SP layer
601,8371.0,113.00000000009571,Pyr in SP layer
602,12371.0,111.8000000000958,Pyr in SP layer
603,13571.0,112.50000000009577,Pyr in SP layer
604,15271.0,114.40000000009563,Pyr in SP layer
605,15271.0,114.70000000009563,Pyr in SP layer
606,16621.0,112.50000000009577,Pyr in SP layer
607,17921.0,112.20000000009577,Pyr in SP layer
608,19721.0,117.80000000009544,PV in SP layer
609,172.0,114.20000000009566,OLM in SO layer
610,222.0,113.8000000000957,OLM in SO layer
611,272.0,113.60000000009569,OLM in SO layer
612,322.0,113.8000000000957,OLM in SO layer
613,372.0,113.40000000009572,OLM in SO layer
614,422.0,113.50000000009571,OLM in SO layer
615,472.0,113.8000000000957,OLM in SO layer
616,522.0,113.90000000009569,OLM in SO layer
617,572.0,113.8000000000957,OLM in SO layer
618,622.0,113.8000000000957,OLM in SO layer
619,672.0,113.8000000000957,OLM in SO layer
620,722.0,113.8000000000957,OLM in SO layer
621,772.0,113.8000000000957,OLM in SO layer
622,1822.0,112.80000000009574,Pyr in SP layer
623,2572.0,112.40000000009577,Pyr in SP layer
624,2972.0,113.50000000009571,Pyr in SP layer
625,15222.0,111.70000000009581,Pyr in SP layer
626,15922.0,112.00000000009578,Pyr in SP layer
627,16772.0,112.60000000009576,Pyr in SP layer
628,17122.0,111.8000000000958,Pyr in SP layer
629,17172.0,113.1000000000957,Pyr in SP layer
630,19422.0,118.40000000009543,PV in SP layer
631,19572.0,117.70000000009544,PV in SP layer
632,19722.0,117.90000000009545,PV in SP layer
633,19772.0,119.30000000009537,PV in SP layer
634,23.0,115.90000000009556,AAC in SO layer
635,173.0,113.8000000000957,OLM in SO layer
636,223.0,113.8000000000957,OLM in SO layer
637,273.0,113.7000000000957,OLM in SO layer
638,323.0,113.8000000000957,OLM in SO layer
639,373.0,113.8000000000957,OLM in SO layer
640,373.0,284.4000000001304,OLM in SO layer
641,423.0,114.0000000000957,OLM in SO layer
642,473.0,113.90000000009569,OLM in SO layer
643,473.0,264.3000000001258,OLM in SO layer
644,473.0,273.900000000128,OLM in SO layer
645,523.0,113.8000000000957,OLM in SO layer
646,573.0,113.50000000009571,OLM in SO layer
647,623.0,113.8000000000957,OLM in SO layer
648,673.0,114.20000000009566,OLM in SO layer
649,723.0,113.60000000009569,OLM in SO layer
650,773.0,113.8000000000957,OLM in SO layer
651,773.0,270.30000000012717,OLM in SO layer
652,773.0,281.3000000001297,OLM in SO layer
653,2473.0,113.8000000000957,Pyr in SP layer
654,3523.0,112.40000000009577,Pyr in SP layer
655,3723.0,113.30000000009571,Pyr in SP layer
656,6423.0,113.90000000009569,Pyr in SP layer
657,6873.0,112.10000000009579,Pyr in SP layer
658,7873.0,112.10000000009579,Pyr in SP layer
659,7973.0,112.40000000009577,Pyr in SP layer
660,10123.0,112.50000000009577,Pyr in SP layer
661,10173.0,113.40000000009572,Pyr in SP layer
662,10323.0,112.90000000009572,Pyr in SP layer
663,10423.0,111.3000000000958,Pyr in SP layer
664,11673.0,113.50000000009571,Pyr in SP layer
665,16473.0,113.1000000000957,Pyr in SP layer
666,19573.0,116.70000000009551,PV in SP layer
667,19723.0,115.90000000009556,PV in SP layer
668,19873.0,116.80000000009552,PV in SP layer
669,19873.0,131.70000000009568,PV in SP layer
670,174.0,113.8000000000957,OLM in SO layer
671,224.0,113.60000000009569,OLM in SO layer
672,274.0,113.60000000009569,OLM in SO layer
673,324.0,113.7000000000957,OLM in SO layer
674,374.0,113.8000000000957,OLM in SO layer
675,424.0,113.60000000009569,OLM in SO layer
676,474.0,113.40000000009572,OLM in SO layer
677,524.0,113.8000000000957,OLM in SO layer
678,574.0,113.90000000009569,OLM in SO layer
679,624.0,114.0000000000957,OLM in SO layer
680,674.0,113.8000000000957,OLM in SO layer
681,724.0,113.7000000000957,OLM in SO layer
682,724.0,282.9000000001301,OLM in SO layer
683,724.0,294.00000000013256,OLM in SO layer
684,774.0,113.7000000000957,OLM in SO layer
685,874.0,116.50000000009553,PV in SO layer
686,1024.0,120.70000000009527,PV in SO layer
687,2324.0,112.60000000009576,Pyr in SP layer
688,4174.0,112.30000000009576,Pyr in SP layer
689,4624.0,114.30000000009564,Pyr in SP layer
690,4674.0,114.0000000000957,Pyr in SP layer
691,7374.0,114.10000000009565,Pyr in SP layer
692,8874.0,112.50000000009577,Pyr in SP layer
693,8974.0,113.00000000009571,Pyr in SP layer
694,9274.0,114.10000000009565,Pyr in SP layer
695,9674.0,112.80000000009574,Pyr in SP layer
696,10574.0,114.20000000009566,Pyr in SP layer
697,11824.0,113.90000000009569,Pyr in SP layer
698,13774.0,113.00000000009571,Pyr in SP layer
699,18574.0,111.9000000000958,Pyr in SP layer
700,19474.0,118.10000000009545,PV in SP layer
701,19724.0,117.70000000009544,PV in SP layer
702,25.0,116.40000000009552,AAC in SO layer
703,175.0,113.60000000009569,OLM in SO layer
704,225.0,113.60000000009569,OLM in SO layer
705,275.0,114.0000000000957,OLM in SO layer
706,325.0,113.30000000009571,OLM in SO layer
707,375.0,113.40000000009572,OLM in SO layer
708,425.0,113.7000000000957,OLM in SO layer
709,475.0,114.0000000000957,OLM in SO layer
710,525.0,113.90000000009569,OLM in SO layer
711,575.0,114.0000000000957,OLM in SO layer
712,625.0,113.40000000009572,OLM in SO layer
713,675.0,113.50000000009571,OLM in SO layer
714,675.0,253.80000000012345,OLM in SO layer
715,725.0,113.7000000000957,OLM in SO layer
716,775.0,113.90000000009569,OLM in SO layer
717,775.0,254.80000000012367,OLM in SO layer
718,775.0,268.6000000001268,OLM in SO layer
719,1325.0,112.70000000009573,Pyr in SP layer
720,4575.0,113.30000000009571,Pyr in SP layer
721,4675.0,114.10000000009565,Pyr in SP layer
722,5175.0,112.10000000009579,Pyr in SP layer
723,5425.0,111.8000000000958,Pyr in SP layer
724,5925.0,111.9000000000958,Pyr in SP layer
725,7525.0,113.8000000000957,Pyr in SP layer
726,9525.0,112.90000000009572,Pyr in SP layer
727,11075.0,111.8000000000958,Pyr in SP layer
728,11225.0,112.60000000009576,Pyr in SP layer
729,11725.0,112.60000000009576,Pyr in SP layer
730,13825.0,112.00000000009578,Pyr in SP layer
731,16275.0,112.40000000009577,Pyr in SP layer
732,19675.0,116.80000000009552,PV in SP layer
733,19775.0,115.90000000009556,PV in SP layer
734,19775.0,120.60000000009528,PV in SP layer
735,19775.0,126.90000000009493,PV in SP layer
736,19775.0,137.1000000000969,PV in SP layer
737,176.0,114.0000000000957,OLM in SO layer
738,226.0,113.60000000009569,OLM in SO layer
739,276.0,113.7000000000957,OLM in SO layer
740,326.0,113.60000000009569,OLM in SO layer
741,376.0,113.8000000000957,OLM in SO layer
742,426.0,114.0000000000957,OLM in SO layer
743,476.0,113.8000000000957,OLM in SO layer
744,526.0,114.0000000000957,OLM in SO layer
745,576.0,113.40000000009572,OLM in SO layer
746,626.0,113.60000000009569,OLM in SO layer
747,676.0,113.8000000000957,OLM in SO layer
748,726.0,113.30000000009571,OLM in SO layer
749,776.0,113.30000000009571,OLM in SO layer
750,1026.0,114.70000000009563,PV in SO layer
751,1026.0,118.80000000009541,PV in SO layer
752,1026.0,123.80000000009512,PV in SO layer
753,1026.0,130.5000000000954,PV in SO layer
754,1026.0,141.20000000009784,PV in SO layer
755,2776.0,113.7000000000957,Pyr in SP layer
756,3726.0,112.80000000009574,Pyr in SP layer
757,5876.0,113.90000000009569,Pyr in SP layer
758,7226.0,112.60000000009576,Pyr in SP layer
759,9126.0,111.8000000000958,Pyr in SP layer
760,11826.0,113.1000000000957,Pyr in SP layer
761,12226.0,114.90000000009563,Pyr in SP layer
762,13376.0,113.30000000009571,Pyr in SP layer
763,13626.0,113.7000000000957,Pyr in SP layer
764,15076.0,113.7000000000957,Pyr in SP layer
765,15526.0,113.7000000000957,Pyr in SP layer
766,15576.0,112.90000000009572,Pyr in SP layer
767,19326.0,119.00000000009537,PV in SP layer
768,19426.0,118.20000000009544,PV in SP layer
769,177.0,113.90000000009569,OLM in SO layer
770,177.0,260.4000000001249,OLM in SO layer
771,227.0,113.90000000009569,OLM in SO layer
772,277.0,114.0000000000957,OLM in SO layer
773,327.0,113.8000000000957,OLM in SO layer
774,377.0,113.8000000000957,OLM in SO layer
775,427.0,113.60000000009569,OLM in SO layer
776,477.0,114.0000000000957,OLM in SO layer
777,527.0,113.7000000000957,OLM in SO layer
778,577.0,113.90000000009569,OLM in SO layer
779,627.0,114.10000000009565,OLM in SO layer
780,627.0,250.70000000012277,OLM in SO layer
781,677.0,113.7000000000957,OLM in SO layer
782,727.0,113.50000000009571,OLM in SO layer
783,777.0,113.90000000009569,OLM in SO layer
784,927.0,115.60000000009558,PV in SO layer
785,1727.0,113.60000000009569,Pyr in SP layer
786,4877.0,113.40000000009572,Pyr in SP layer
787,5377.0,113.40000000009572,Pyr in SP layer
788,8077.0,112.40000000009577,Pyr in SP layer
789,8277.0,113.30000000009571,Pyr in SP layer
790,9527.0,113.8000000000957,Pyr in SP layer
791,13027.0,111.9000000000958,Pyr in SP layer
792,13077.0,114.0000000000957,Pyr in SP layer
793,13677.0,113.8000000000957,Pyr in SP layer
794,15277.0,113.60000000009569,Pyr in SP layer
795,17177.0,112.40000000009577,Pyr in SP layer
796,17377.0,114.80000000009564,Pyr in SP layer
797,18477.0,112.30000000009576,Pyr in SP layer
798,18877.0,105.80000000009613,AAC in SP layer
799,178.0,113.90000000009569,OLM in SO layer
800,178.0,279.50000000012926,OLM in SO layer
801,228.0,113.60000000009569,OLM in SO layer
802,278.0,113.60000000009569,OLM in SO layer
803,328.0,113.60000000009569,OLM in SO layer
804,378.0,113.7000000000957,OLM in SO layer
805,428.0,113.8000000000957,OLM in SO layer
806,478.0,113.8000000000957,OLM in SO layer
807,528.0,113.8000000000957,OLM in SO layer
808,528.0,280.6000000001295,OLM in SO layer
809,528.0,298.1000000001335,OLM in SO layer
810,578.0,113.8000000000957,OLM in SO layer
811,578.0,281.4000000001297,OLM in SO layer
812,628.0,114.20000000009566,OLM in SO layer
813,628.0,253.50000000012338,OLM in SO layer
814,678.0,113.60000000009569,OLM in SO layer
815,728.0,113.8000000000957,OLM in SO layer
816,778.0,113.8000000000957,OLM in SO layer
817,928.0,118.20000000009544,PV in SO layer
818,2428.0,114.10000000009565,Pyr in SP layer
819,3128.0,111.8000000000958,Pyr in SP layer
820,5528.0,113.90000000009569,Pyr in SP layer
821,5978.0,112.70000000009573,Pyr in SP layer
822,8628.0,111.70000000009581,Pyr in SP layer
823,8978.0,112.60000000009576,Pyr in SP layer
824,10828.0,112.30000000009576,Pyr in SP layer
825,12578.0,112.60000000009576,Pyr in SP layer
826,12728.0,112.50000000009577,Pyr in SP layer
827,14328.0,113.1000000000957,Pyr in SP layer
828,17328.0,112.90000000009572,Pyr in SP layer
829,19828.0,117.50000000009548,PV in SP layer
830,179.0,114.0000000000957,OLM in SO layer
831,229.0,113.60000000009569,OLM in SO layer
832,279.0,113.90000000009569,OLM in SO layer
833,329.0,113.8000000000957,OLM in SO layer
834,379.0,113.8000000000957,OLM in SO layer
835,429.0,113.8000000000957,OLM in SO layer
836,479.0,113.50000000009571,OLM in SO layer
837,479.0,280.0000000001294,OLM in SO layer
838,529.0,113.7000000000957,OLM in SO layer
839,579.0,114.0000000000957,OLM in SO layer
840,579.0,286.2000000001308,OLM in SO layer
841,579.0,300.300000000134,OLM in SO layer
842,629.0,113.40000000009572,OLM in SO layer
843,679.0,113.7000000000957,OLM in SO layer
844,729.0,113.7000000000957,OLM in SO layer
845,779.0,113.50000000009571,OLM in SO layer
846,3829.0,113.20000000009571,Pyr in SP layer
847,7179.0,114.0000000000957,Pyr in SP layer
848,12479.0,113.50000000009571,Pyr in SP layer
849,14229.0,113.8000000000957,Pyr in SP layer
850,14979.0,112.70000000009573,Pyr in SP layer
851,17529.0,113.00000000009571,Pyr in SP layer
852,19879.0,116.70000000009551,PV in SP layer
853,19979.0,115.0000000000956,PV in SR layer
854,19979.0,120.20000000009532,PV in SR layer
855,19979.0,130.9000000000955,PV in SR layer
856,180.0,113.7000000000957,OLM in SO layer
857,180.0,270.0000000001271,OLM in SO layer
858,230.0,113.50000000009571,OLM in SO layer
859,280.0,114.0000000000957,OLM in SO layer
860,330.0,113.90000000009569,OLM in SO layer
861,380.0,113.50000000009571,OLM in SO layer
862,380.0,281.20000000012965,OLM in SO layer
863,430.0,113.8000000000957,OLM in SO layer
864,480.0,113.60000000009569,OLM in SO layer
865,530.0,113.8000000000957,OLM in SO layer
866,580.0,113.90000000009569,OLM in SO layer
867,580.0,268.2000000001267,OLM in SO layer
868,580.0,278.8000000001291,OLM in SO layer
869,630.0,113.8000000000957,OLM in SO layer
870,730.0,114.0000000000957,OLM in SO layer
871,730.0,263.8000000001257,OLM in SO layer
872,780.0,113.7000000000957,OLM in SO layer
873,830.0,118.20000000009544,PV in SO layer
874,880.0,116.30000000009554,PV in SO layer
875,980.0,117.40000000009549,PV in SO layer
876,1930.0,112.00000000009578,Pyr in SP layer
877,13380.0,113.30000000009571,Pyr in SP layer
878,14430.0,112.60000000009576,Pyr in SP layer
879,16380.0,112.50000000009577,Pyr in SP layer
880,19480.0,115.60000000009558,PV in SP layer
881,19880.0,121.70000000009523,PV in SP layer
882,19980.0,116.80000000009552,PV in SR layer
883,19980.0,126.10000000009498,PV in SR layer
884,181.0,113.8000000000957,OLM in SO layer
885,231.0,113.8000000000957,OLM in SO layer
886,281.0,113.8000000000957,OLM in SO layer
887,331.0,113.7000000000957,OLM in SO layer
888,381.0,113.7000000000957,OLM in SO layer
889,431.0,113.90000000009569,OLM in SO layer
890,481.0,113.8000000000957,OLM in SO layer
891,481.0,283.2000000001301,OLM in SO layer
892,531.0,113.50000000009571,OLM in SO layer
893,581.0,114.30000000009564,OLM in SO layer
894,581.0,262.00000000012534,OLM in SO layer
895,581.0,271.0000000001273,OLM in SO layer
896,581.0,295.1000000001328,OLM in SO layer
897,631.0,113.60000000009569,OLM in SO layer
898,681.0,113.8000000000957,OLM in SO layer
899,731.0,113.30000000009571,OLM in SO layer
900,781.0,113.90000000009569,OLM in SO layer
901,881.0,119.00000000009537,PV in SO layer
902,1731.0,112.40000000009577,Pyr in SP layer
903,2431.0,114.0000000000957,Pyr in SP layer
904,3031.0,114.10000000009565,Pyr in SP layer
905,4381.0,114.10000000009565,Pyr in SP layer
906,6681.0,114.0000000000957,Pyr in SP layer
907,11331.0,113.30000000009571,Pyr in SP layer
908,13631.0,112.70000000009573,Pyr in SP layer
909,18331.0,113.50000000009571,Pyr in SP layer
910,19631.0,119.00000000009537,PV in SP layer
911,19981.0,115.0000000000956,PV in SR layer
912,19981.0,120.90000000009528,PV in SR layer
913,19981.0,134.70000000009637,PV in SR layer
914,182.0,113.90000000009569,OLM in SO layer
915,232.0,113.7000000000957,OLM in SO layer
916,282.0,113.7000000000957,OLM in SO layer
917,332.0,114.0000000000957,OLM in SO layer
918,382.0,113.90000000009569,OLM in SO layer
919,432.0,113.90000000009569,OLM in SO layer
920,432.0,258.30000000012444,OLM in SO layer
921,482.0,113.60000000009569,OLM in SO layer
922,532.0,113.90000000009569,OLM in SO layer
923,582.0,113.90000000009569,OLM in SO layer
924,632.0,113.60000000009569,OLM in SO layer
925,682.0,113.8000000000957,OLM in SO layer
926,782.0,114.0000000000957,OLM in SO layer
927,882.0,116.60000000009552,PV in SO layer
928,982.0,117.40000000009549,PV in SO layer
929,5482.0,113.20000000009571,Pyr in SP layer
930,7332.0,113.00000000009571,Pyr in SP layer
931,7682.0,113.50000000009571,Pyr in SP layer
932,10332.0,112.80000000009574,Pyr in SP layer
933,12182.0,112.80000000009574,Pyr in SP layer
934,12832.0,112.60000000009576,Pyr in SP layer
935,13682.0,113.8000000000957,Pyr in SP layer
936,15082.0,112.60000000009576,Pyr in SP layer
937,17382.0,111.8000000000958,Pyr in SP layer
938,18432.0,113.20000000009571,Pyr in SP layer
939,183.0,113.90000000009569,OLM in SO layer
940,233.0,113.60000000009569,OLM in SO layer
941,283.0,113.7000000000957,OLM in SO layer
942,333.0,113.50000000009571,OLM in SO layer
943,383.0,113.7000000000957,OLM in SO layer
944,433.0,114.0000000000957,OLM in SO layer
945,483.0,114.0000000000957,OLM in SO layer
946,533.0,113.8000000000957,OLM in SO layer
947,583.0,113.40000000009572,OLM in SO layer
948,583.0,273.5000000001279,OLM in SO layer
949,633.0,113.7000000000957,OLM in SO layer
950,683.0,113.50000000009571,OLM in SO layer
951,683.0,276.6000000001286,OLM in SO layer
952,683.0,287.50000000013114,OLM in SO layer
953,733.0,113.40000000009572,OLM in SO layer
954,783.0,113.8000000000957,OLM in SO layer
955,2733.0,113.60000000009569,Pyr in SP layer
956,5533.0,112.40000000009577,Pyr in SP layer
957,6183.0,114.10000000009565,Pyr in SP layer
958,10033.0,113.60000000009569,Pyr in SP layer
959,10683.0,112.70000000009573,Pyr in SP layer
960,12983.0,112.90000000009572,Pyr in SP layer
961,13133.0,114.20000000009566,Pyr in SP layer
962,14033.0,114.20000000009566,Pyr in SP layer
963,14133.0,112.10000000009579,Pyr in SP layer
964,16133.0,112.60000000009576,Pyr in SP layer
965,17233.0,115.4000000000956,Pyr in SP layer
966,17983.0,112.20000000009577,Pyr in SP layer
967,184.0,114.0000000000957,OLM in SO layer
968,184.0,263.9000000001257,OLM in SO layer
969,234.0,113.7000000000957,OLM in SO layer
970,284.0,113.90000000009569,OLM in SO layer
971,334.0,114.0000000000957,OLM in SO layer
972,384.0,113.8000000000957,OLM in SO layer
973,434.0,113.7000000000957,OLM in SO layer
974,434.0,270.50000000012716,OLM in SO layer
975,484.0,113.30000000009571,OLM in SO layer
976,534.0,113.8000000000957,OLM in SO layer
977,584.0,113.7000000000957,OLM in SO layer
978,584.0,256.30000000012404,OLM in SO layer
979,584.0,265.6000000001261,OLM in SO layer
980,634.0,113.90000000009569,OLM in SO layer
981,684.0,113.8000000000957,OLM in SO layer
982,734.0,113.50000000009571,OLM in SO layer
983,784.0,113.7000000000957,OLM in SO layer
984,984.0,118.20000000009544,PV in SO layer
985,7234.0,112.50000000009577,Pyr in SP layer
986,9034.0,114.0000000000957,Pyr in SP layer
987,11434.0,111.9000000000958,Pyr in SP layer
988,13284.0,113.30000000009571,Pyr in SP layer
989,16634.0,112.10000000009579,Pyr in SP layer
990,185.0,113.90000000009569,OLM in SO layer
991,235.0,113.90000000009569,OLM in SO layer
992,285.0,113.8000000000957,OLM in SO layer
993,335.0,113.8000000000957,OLM in SO layer
994,385.0,113.60000000009569,OLM in SO layer
995,435.0,113.40000000009572,OLM in SO layer
996,485.0,114.0000000000957,OLM in SO layer
997,485.0,252.80000000012316,OLM in SO layer
998,535.0,113.90000000009569,OLM in SO layer
999,585.0,113.8000000000957,OLM in SO layer
1000,635.0,113.7000000000957,OLM in SO layer
1001,685.0,113.60000000009569,OLM in SO layer
1002,735.0,113.60000000009569,OLM in SO layer
1003,785.0,113.8000000000957,OLM in SO layer
1004,785.0,272.50000000012767,OLM in SO layer
1005,2385.0,112.70000000009573,Pyr in SP layer
1006,5885.0,113.00000000009571,Pyr in SP layer
1007,6185.0,112.60000000009576,Pyr in SP layer
1008,12085.0,112.30000000009576,Pyr in SP layer
1009,13385.0,112.00000000009578,Pyr in SP layer
1010,19785.0,115.3000000000956,PV in SP layer
1011,186.0,113.90000000009569,OLM in SO layer
1012,236.0,114.10000000009565,OLM in SO layer
1013,286.0,113.50000000009571,OLM in SO layer
1014,336.0,113.7000000000957,OLM in SO layer
1015,386.0,113.7000000000957,OLM in SO layer
1016,436.0,113.90000000009569,OLM in SO layer
1017,436.0,280.80000000012956,OLM in SO layer
1018,486.0,113.60000000009569,OLM in SO layer
1019,536.0,114.20000000009566,OLM in SO layer
1020,586.0,113.90000000009569,OLM in SO layer
1021,636.0,113.8000000000957,OLM in SO layer
1022,686.0,113.60000000009569,OLM in SO layer
1023,736.0,113.8000000000957,OLM in SO layer
1024,736.0,275.3000000001283,OLM in SO layer
1025,786.0,113.7000000000957,OLM in SO layer
1026,836.0,117.50000000009548,PV in SO layer
1027,5286.0,113.90000000009569,Pyr in SP layer
1028,8886.0,113.40000000009572,Pyr in SP layer
1029,10586.0,114.10000000009565,Pyr in SP layer
1030,10836.0,113.50000000009571,Pyr in SP layer
1031,11336.0,112.40000000009577,Pyr in SP layer
1032,13836.0,112.60000000009576,Pyr in SP layer
1033,17436.0,112.50000000009577,Pyr in SP layer
1034,187.0,114.0000000000957,OLM in SO layer
1035,237.0,113.7000000000957,OLM in SO layer
1036,287.0,113.8000000000957,OLM in SO layer
1037,337.0,113.50000000009571,OLM in SO layer
1038,387.0,113.90000000009569,OLM in SO layer
1039,437.0,113.40000000009572,OLM in SO layer
1040,487.0,113.40000000009572,OLM in SO layer
1041,537.0,114.10000000009565,OLM in SO layer
1042,587.0,113.90000000009569,OLM in SO layer
1043,637.0,114.0000000000957,OLM in SO layer
1044,687.0,113.8000000000957,OLM in SO layer
1045,737.0,114.0000000000957,OLM in SO layer
1046,737.0,253.50000000012338,OLM in SO layer
1047,737.0,263.9000000001257,OLM in SO layer
1048,787.0,113.90000000009569,OLM in SO layer
1049,5287.0,113.30000000009571,Pyr in SP layer
1050,7287.0,112.20000000009577,Pyr in SP layer
1051,8587.0,113.90000000009569,Pyr in SP layer
1052,11537.0,114.10000000009565,Pyr in SP layer
1053,16837.0,112.30000000009576,Pyr in SP layer
1054,17337.0,114.10000000009565,Pyr in SP layer
1055,17937.0,112.60000000009576,Pyr in SP layer
1056,19337.0,116.40000000009552,PV in SP layer
1057,19687.0,118.00000000009544,PV in SP layer
1058,188.0,113.90000000009569,OLM in SO layer
1059,188.0,270.50000000012716,OLM in SO layer
1060,238.0,113.90000000009569,OLM in SO layer
1061,288.0,113.7000000000957,OLM in SO layer
1062,338.0,113.7000000000957,OLM in SO layer
1063,388.0,113.40000000009572,OLM in SO layer
1064,438.0,113.8000000000957,OLM in SO layer
1065,488.0,113.8000000000957,OLM in SO layer
1066,538.0,113.50000000009571,OLM in SO layer
1067,538.0,273.20000000012783,OLM in SO layer
1068,588.0,113.60000000009569,OLM in SO layer
1069,638.0,113.8000000000957,OLM in SO layer
1070,688.0,113.60000000009569,OLM in SO layer
1071,738.0,113.60000000009569,OLM in SO layer
1072,788.0,113.8000000000957,OLM in SO layer
1073,1338.0,113.7000000000957,Pyr in SP layer
1074,4138.0,112.80000000009574,Pyr in SP layer
1075,4438.0,113.1000000000957,Pyr in SP layer
1076,7288.0,114.20000000009566,Pyr in SP layer
1077,8788.0,112.00000000009578,Pyr in SP layer
1078,11888.0,113.50000000009571,Pyr in SP layer
1079,12188.0,112.60000000009576,Pyr in SP layer
1080,14038.0,112.00000000009578,Pyr in SP layer
1081,17788.0,113.40000000009572,Pyr in SP layer
1082,18788.0,113.30000000009571,Pyr in SP layer
1083,19638.0,118.10000000009545,PV in SP layer
1084,19838.0,117.60000000009545,PV in SP layer
1085,189.0,113.8000000000957,OLM in SO layer
1086,239.0,113.60000000009569,OLM in SO layer
1087,289.0,113.8000000000957,OLM in SO layer
1088,339.0,113.90000000009569,OLM in SO layer
1089,389.0,114.20000000009566,OLM in SO layer
1090,389.0,267.60000000012656,OLM in SO layer
1091,389.0,284.8000000001305,OLM in SO layer
1092,439.0,113.8000000000957,OLM in SO layer
1093,489.0,113.7000000000957,OLM in SO layer
1094,539.0,113.8000000000957,OLM in SO layer
1095,589.0,113.60000000009569,OLM in SO layer
1096,639.0,113.8000000000957,OLM in SO layer
1097,639.0,278.90000000012907,OLM in SO layer
1098,689.0,113.90000000009569,OLM in SO layer
1099,739.0,113.60000000009569,OLM in SO layer
1100,789.0,113.50000000009571,OLM in SO layer
1101,2639.0,113.40000000009572,Pyr in SP layer
1102,4889.0,114.0000000000957,Pyr in SP layer
1103,6739.0,111.50000000009581,Pyr in SP layer
1104,7089.0,113.30000000009571,Pyr in SP layer
1105,11739.0,111.6000000000958,Pyr in SP layer
1106,14839.0,112.80000000009574,Pyr in SP layer
1107,19839.0,116.40000000009552,PV in SP layer
1108,190.0,113.40000000009572,OLM in SO layer
1109,240.0,113.7000000000957,OLM in SO layer
1110,290.0,113.90000000009569,OLM in SO layer
1111,340.0,113.40000000009572,OLM in SO layer
1112,340.0,287.8000000001312,OLM in SO layer
1113,340.0,302.7000000001345,OLM in SO layer
1114,390.0,113.90000000009569,OLM in SO layer
1115,440.0,113.90000000009569,OLM in SO layer
1116,440.0,262.9000000001255,OLM in SO layer
1117,490.0,113.90000000009569,OLM in SO layer
1118,490.0,265.5000000001261,OLM in SO layer
1119,490.0,274.10000000012803,OLM in SO layer
1120,540.0,113.60000000009569,OLM in SO layer
1121,590.0,113.60000000009569,OLM in SO layer
1122,640.0,113.8000000000957,OLM in SO layer
1123,690.0,113.7000000000957,OLM in SO layer
1124,740.0,113.60000000009569,OLM in SO layer
1125,790.0,113.7000000000957,OLM in SO layer
1126,1090.0,112.90000000009572,Pyr in SP layer
1127,1440.0,113.40000000009572,Pyr in SP layer
1128,1740.0,111.8000000000958,Pyr in SP layer
1129,1890.0,113.30000000009571,Pyr in SP layer
1130,3690.0,112.80000000009574,Pyr in SP layer
1131,9440.0,113.50000000009571,Pyr in SP layer
1132,11140.0,111.8000000000958,Pyr in SP layer
1133,15540.0,114.0000000000957,Pyr in SP layer
1134,17040.0,113.30000000009571,Pyr in SP layer
1135,19340.0,116.60000000009552,PV in SP layer
1136,191.0,114.0000000000957,OLM in SO layer
1137,241.0,113.90000000009569,OLM in SO layer
1138,291.0,114.0000000000957,OLM in SO layer
1139,341.0,113.8000000000957,OLM in SO layer
1140,391.0,113.60000000009569,OLM in SO layer
1141,441.0,113.7000000000957,OLM in SO layer
1142,491.0,113.8000000000957,OLM in SO layer
1143,541.0,113.7000000000957,OLM in SO layer
1144,591.0,113.50000000009571,OLM in SO layer
1145,641.0,113.40000000009572,OLM in SO layer
1146,691.0,113.7000000000957,OLM in SO layer
1147,741.0,113.60000000009569,OLM in SO layer
1148,791.0,113.90000000009569,OLM in SO layer
1149,941.0,119.70000000009534,PV in SO layer
1150,1391.0,112.60000000009576,Pyr in SP layer
1151,8041.0,114.10000000009565,Pyr in SP layer
1152,9891.0,113.7000000000957,Pyr in SP layer
1153,10841.0,113.90000000009569,Pyr in SP layer
1154,11141.0,114.30000000009564,Pyr in SP layer
1155,11141.0,114.50000000009564,Pyr in SP layer
1156,11341.0,112.00000000009578,Pyr in SP layer
1157,11691.0,112.40000000009577,Pyr in SP layer
1158,13541.0,111.8000000000958,Pyr in SP layer
1159,15641.0,112.80000000009574,Pyr in SP layer
1160,16241.0,114.0000000000957,Pyr in SP layer
1161,18941.0,116.60000000009552,AAC in SP layer
1162,19291.0,117.30000000009548,PV in SP layer
1163,19591.0,116.40000000009552,PV in SP layer
1164,19691.0,117.80000000009544,PV in SP layer
1165,19741.0,118.10000000009545,PV in SP layer
1166,19841.0,117.20000000009549,PV in SP layer
1167,192.0,113.40000000009572,OLM in SO layer
1168,242.0,113.60000000009569,OLM in SO layer
1169,292.0,113.8000000000957,OLM in SO layer
1170,342.0,113.8000000000957,OLM in SO layer
1171,392.0,113.50000000009571,OLM in SO layer
1172,442.0,113.90000000009569,OLM in SO layer
1173,492.0,114.0000000000957,OLM in SO layer
1174,542.0,113.50000000009571,OLM in SO layer
1175,592.0,113.40000000009572,OLM in SO layer
1176,642.0,114.0000000000957,OLM in SO layer
1177,642.0,256.200000000124,OLM in SO layer
1178,692.0,113.30000000009571,OLM in SO layer
1179,742.0,113.8000000000957,OLM in SO layer
1180,792.0,113.90000000009569,OLM in SO layer
1181,892.0,117.0000000000955,PV in SO layer
1182,942.0,117.20000000009549,PV in SO layer
1183,1392.0,112.20000000009577,Pyr in SP layer
1184,2242.0,112.80000000009574,Pyr in SP layer
1185,6842.0,113.30000000009571,Pyr in SP layer
1186,7992.0,113.20000000009571,Pyr in SP layer
1187,9342.0,111.8000000000958,Pyr in SP layer
1188,9942.0,111.8000000000958,Pyr in SP layer
1189,10242.0,111.6000000000958,Pyr in SP layer
1190,11442.0,113.40000000009572,Pyr in SP layer
1191,15142.0,114.10000000009565,Pyr in SP layer
1192,19792.0,117.40000000009549,PV in SP layer
1193,19842.0,118.6000000000954,PV in SP layer
1194,19892.0,118.20000000009544,PV in SP layer
1195,193.0,114.0000000000957,OLM in SO layer
1196,243.0,113.60000000009569,OLM in SO layer
1197,293.0,113.7000000000957,OLM in SO layer
1198,343.0,113.40000000009572,OLM in SO layer
1199,393.0,113.40000000009572,OLM in SO layer
1200,443.0,113.50000000009571,OLM in SO layer
1201,493.0,113.60000000009569,OLM in SO layer
1202,543.0,113.8000000000957,OLM in SO layer
1203,543.0,268.7000000001268,OLM in SO layer
1204,543.0,286.90000000013094,OLM in SO layer
1205,593.0,114.20000000009566,OLM in SO layer
1206,593.0,262.00000000012534,OLM in SO layer
1207,643.0,113.60000000009569,OLM in SO layer
1208,693.0,113.50000000009571,OLM in SO layer
1209,743.0,113.40000000009572,OLM in SO layer
1210,793.0,113.8000000000957,OLM in SO layer
1211,1943.0,114.30000000009564,Pyr in SP layer
1212,1993.0,112.30000000009576,Pyr in SP layer
1213,3593.0,112.20000000009577,Pyr in SP layer
1214,6093.0,114.20000000009566,Pyr in SP layer
1215,7493.0,112.10000000009579,Pyr in SP layer
1216,8493.0,112.20000000009577,Pyr in SP layer
1217,17793.0,113.50000000009571,Pyr in SP layer
1218,19343.0,116.60000000009552,PV in SP layer
1219,19393.0,118.00000000009544,PV in SP layer
1220,19443.0,120.60000000009528,PV in SP layer
1221,19493.0,114.90000000009563,PV in SP layer
1222,19643.0,116.10000000009556,PV in SP layer
1223,19793.0,117.0000000000955,PV in SP layer
1224,19843.0,118.10000000009545,PV in SP layer
1225,194.0,113.8000000000957,OLM in SO layer
1226,244.0,113.40000000009572,OLM in SO layer
1227,294.0,113.60000000009569,OLM in SO layer
1228,344.0,114.10000000009565,OLM in SO layer
1229,394.0,113.8000000000957,OLM in SO layer
1230,444.0,113.90000000009569,OLM in SO layer
1231,494.0,113.90000000009569,OLM in SO layer
1232,544.0,113.8000000000957,OLM in SO layer
1233,594.0,113.60000000009569,OLM in SO layer
1234,644.0,113.90000000009569,OLM in SO layer
1235,694.0,114.10000000009565,OLM in SO layer
1236,744.0,113.7000000000957,OLM in SO layer
1237,744.0,291.40000000013197,OLM in SO layer
1238,744.0,308.3000000001358,OLM in SO layer
1239,794.0,114.20000000009566,OLM in SO layer
1240,794.0,250.50000000012267,OLM in SO layer
1241,794.0,261.80000000012524,OLM in SO layer
1242,844.0,117.50000000009548,PV in SO layer
1243,994.0,116.9000000000955,PV in SO layer
1244,1844.0,113.00000000009571,Pyr in SP layer
1245,2094.0,112.40000000009577,Pyr in SP layer
1246,3044.0,112.30000000009576,Pyr in SP layer
1247,5194.0,112.50000000009577,Pyr in SP layer
1248,6194.0,112.80000000009574,Pyr in SP layer
1249,6544.0,113.8000000000957,Pyr in SP layer
1250,8844.0,112.20000000009577,Pyr in SP layer
1251,14944.0,112.20000000009577,Pyr in SP layer
1252,19594.0,116.70000000009551,PV in SP layer
1253,195.0,113.60000000009569,OLM in SO layer
1254,195.0,281.3000000001297,OLM in SO layer
1255,245.0,113.8000000000957,OLM in SO layer
1256,295.0,113.8000000000957,OLM in SO layer
1257,345.0,113.40000000009572,OLM in SO layer
1258,395.0,113.8000000000957,OLM in SO layer
1259,445.0,113.60000000009569,OLM in SO layer
1260,495.0,114.10000000009565,OLM in SO layer
1261,545.0,113.60000000009569,OLM in SO layer
1262,595.0,113.7000000000957,OLM in SO layer
1263,645.0,113.8000000000957,OLM in SO layer
1264,645.0,274.90000000012816,OLM in SO layer
1265,645.0,286.00000000013074,OLM in SO layer
1266,695.0,113.8000000000957,OLM in SO layer
1267,745.0,114.10000000009565,OLM in SO layer
1268,795.0,113.60000000009569,OLM in SO layer
1269,5645.0,114.10000000009565,Pyr in SP layer
1270,6945.0,113.50000000009571,Pyr in SP layer
1271,8395.0,113.20000000009571,Pyr in SP layer
1272,13745.0,112.40000000009577,Pyr in SP layer
1273,16795.0,112.10000000009579,Pyr in SP layer
1274,19645.0,119.30000000009537,PV in SP layer
1275,19845.0,117.50000000009548,PV in SP layer
1276,196.0,113.90000000009569,OLM in SO layer
1277,196.0,263.1000000001256,OLM in SO layer
1278,246.0,114.10000000009565,OLM in SO layer
1279,246.0,268.80000000012683,OLM in SO layer
1280,246.0,286.00000000013074,OLM in SO layer
1281,296.0,113.40000000009572,OLM in SO layer
1282,296.0,280.30000000012944,OLM in SO layer
1283,346.0,113.60000000009569,OLM in SO layer
1284,396.0,113.90000000009569,OLM in SO layer
1285,446.0,113.7000000000957,OLM in SO layer
1286,496.0,113.90000000009569,OLM in SO layer
1287,546.0,113.90000000009569,OLM in SO layer
1288,596.0,113.8000000000957,OLM in SO layer
1289,646.0,113.8000000000957,OLM in SO layer
1290,696.0,113.90000000009569,OLM in SO layer
1291,746.0,113.8000000000957,OLM in SO layer
1292,796.0,113.60000000009569,OLM in SO layer
1293,896.0,117.70000000009544,PV in SO layer
1294,2396.0,112.20000000009577,Pyr in SP layer
1295,2596.0,111.70000000009581,Pyr in SP layer
1296,3396.0,112.80000000009574,Pyr in SP layer
1297,9146.0,113.60000000009569,Pyr in SP layer
1298,9896.0,112.00000000009578,Pyr in SP layer
1299,10346.0,113.20000000009571,Pyr in SP layer
1300,14446.0,114.20000000009566,Pyr in SP layer
1301,14446.0,114.50000000009564,Pyr in SP layer
1302,15646.0,112.90000000009572,Pyr in SP layer
1303,17346.0,112.20000000009577,Pyr in SP layer
1304,17896.0,113.50000000009571,Pyr in SP layer
1305,19496.0,116.50000000009553,PV in SP layer
1306,19996.0,115.10000000009559,PV in SR layer
1307,197.0,113.7000000000957,OLM in SO layer
1308,247.0,113.60000000009569,OLM in SO layer
1309,297.0,113.90000000009569,OLM in SO layer
1310,347.0,113.7000000000957,OLM in SO layer
1311,397.0,113.7000000000957,OLM in SO layer
1312,447.0,113.60000000009569,OLM in SO layer
1313,497.0,113.7000000000957,OLM in SO layer
1314,547.0,113.8000000000957,OLM in SO layer
1315,597.0,114.0000000000957,OLM in SO layer
1316,647.0,113.30000000009571,OLM in SO layer
1317,697.0,113.90000000009569,OLM in SO layer
1318,747.0,113.90000000009569,OLM in SO layer
1319,797.0,113.8000000000957,OLM in SO layer
1320,997.0,117.80000000009544,PV in SO layer
1321,1897.0,112.50000000009577,Pyr in SP layer
1322,2497.0,113.40000000009572,Pyr in SP layer
1323,2697.0,112.30000000009576,Pyr in SP layer
1324,3697.0,113.50000000009571,Pyr in SP layer
1325,3947.0,113.40000000009572,Pyr in SP layer
1326,5797.0,114.20000000009566,Pyr in SP layer
1327,6497.0,112.80000000009574,Pyr in SP layer
1328,11097.0,113.50000000009571,Pyr in SP layer
1329,14497.0,112.50000000009577,Pyr in SP layer
1330,16097.0,111.70000000009581,Pyr in SP layer
1331,16397.0,111.70000000009581,Pyr in SP layer
1332,17347.0,112.80000000009574,Pyr in SP layer
1333,18647.0,113.40000000009572,Pyr in SP layer
1334,19397.0,118.20000000009544,PV in SP layer
1335,19597.0,119.50000000009537,PV in SP layer
1336,19797.0,116.60000000009552,PV in SP layer
1337,19997.0,122.10000000009519,PV in SR layer
1338,198.0,113.8000000000957,OLM in SO layer
1339,248.0,113.60000000009569,OLM in SO layer
1340,298.0,113.90000000009569,OLM in SO layer
1341,298.0,265.8000000001261,OLM in SO layer
1342,298.0,278.600000000129,OLM in SO layer
1343,348.0,113.90000000009569,OLM in SO layer
1344,398.0,113.90000000009569,OLM in SO layer
1345,448.0,114.0000000000957,OLM in SO layer
1346,498.0,113.40000000009572,OLM in SO layer
1347,548.0,113.7000000000957,OLM in SO layer
1348,548.0,280.6000000001295,OLM in SO layer
1349,548.0,297.80000000013337,OLM in SO layer
1350,598.0,113.90000000009569,OLM in SO layer
1351,598.0,265.70000000012607,OLM in SO layer
1352,648.0,113.90000000009569,OLM in SO layer
1353,698.0,113.7000000000957,OLM in SO layer
1354,698.0,275.6000000001284,OLM in SO layer
1355,748.0,113.8000000000957,OLM in SO layer
1356,798.0,113.7000000000957,OLM in SO layer
1357,948.0,117.90000000009545,PV in SO layer
1358,2648.0,112.40000000009577,Pyr in SP layer
1359,6898.0,112.20000000009577,Pyr in SP layer
1360,7648.0,114.10000000009565,Pyr in SP layer
1361,10148.0,113.20000000009571,Pyr in SP layer
1362,10198.0,113.00000000009571,Pyr in SP layer
1363,12498.0,113.60000000009569,Pyr in SP layer
1364,13548.0,113.8000000000957,Pyr in SP layer
1365,16148.0,112.70000000009573,Pyr in SP layer
1366,17948.0,112.10000000009579,Pyr in SP layer
1367,19698.0,117.60000000009545,PV in SP layer
1368,19848.0,115.2000000000956,PV in SP layer
1369,19848.0,121.30000000009524,PV in SP layer
1370,19848.0,139.40000000009744,PV in SP layer
1371,19898.0,116.60000000009552,PV in SP layer
1372,199.0,113.30000000009571,OLM in SO layer
1373,249.0,113.7000000000957,OLM in SO layer
1374,299.0,113.7000000000957,OLM in SO layer
1375,349.0,114.10000000009565,OLM in SO layer
1376,399.0,113.90000000009569,OLM in SO layer
1377,449.0,113.90000000009569,OLM in SO layer
1378,499.0,113.60000000009569,OLM in SO layer
1379,549.0,113.8000000000957,OLM in SO layer
1380,599.0,113.60000000009569,OLM in SO layer
1381,599.0,267.3000000001265,OLM in SO layer
1382,649.0,114.0000000000957,OLM in SO layer
1383,699.0,113.40000000009572,OLM in SO layer
1384,749.0,113.7000000000957,OLM in SO layer
1385,799.0,113.60000000009569,OLM in SO layer
1386,2099.0,112.40000000009577,Pyr in SP layer
1387,5549.0,113.20000000009571,Pyr in SP layer
1388,5749.0,113.60000000009569,Pyr in SP layer
1389,6749.0,112.80000000009574,Pyr in SP layer
1390,7199.0,112.40000000009577,Pyr in SP layer
1391,11099.0,112.20000000009577,Pyr in SP layer
1392,11199.0,114.10000000009565,Pyr in SP layer
1393,11349.0,112.30000000009576,Pyr in SP layer
1394,11799.0,112.80000000009574,Pyr in SP layer
1395,13249.0,111.70000000009581,Pyr in SP layer
1396,16149.0,112.10000000009579,Pyr in SP layer
1397,19999.0,117.50000000009548,PV in SR layer
